id;username;email;first_name;last_name
1;Balboa Lead user-facing;Conrad.Barrows11@yahoo.com;Daisha;Trantow
2;user-centric;Jeffry.Barrows@hotmail.com;Corbin;Towne
3;Rubber;Heloise.Daniel@gmail.com;Rod;Reinger
4;Islands bandwidth COM;Kolby89@gmail.com;Lucile;Ernser
5;SSL Kwanza;Maurice45@yahoo.com;Enola;Stehr
6;Officer;Justine.Schmidt@gmail.com;Madalyn;Price
7;Handmade;Marisa.Barton@hotmail.com;Haven;Ruecker
8;generate Sri driver;Jasmin_Hettinger94@hotmail.com;Ebony;Gulgowski
9;recontextualize;Jovan25@hotmail.com;Al;Haag
10;Auto Pennsylvania Cambridgeshire;Amelie50@yahoo.com;Kaelyn;Welch
